{
  "real_by_month": {
    "2025-01": 1560.8800000000022,
    "2024-12": 1676.9000000000033,
    "2024-09": 1866.440000000004,
    "2024-10": 834.3699999999992,
    "2024-11": 1363.7800000000009,
    "2025-04": 1341.160000000001,
    "2024-01": 365.1100000000001,
    "2024-02": 228.23000000000002,
    "2024-03": 2137.770000000006,
    "2023-12": 76.10000000000001,
    "2023-02": 15.23,
    "2024-04": 2125.4100000000067,
    "2026-01": 1541.6000000000001,
    "2026-02": 1087.3599999999994,
    "2025-02": 1138.1699999999994,
    "2024-07": 1121.3899999999994,
    "2025-03": 1613.5700000000024,
    "2024-08": 1060.499999999999,
    "2025-12": 1870.5800000000022,
    "2025-06": 1785.870000000003,
    "2025-10": 1042.979999999999,
    "2025-05": 1546.370000000001,
    "2025-07": 1775.9361148033888,
    "2025-09": 1241.3499999999997,
    "2025-11": 1789.9300000000003,
    "2025-08": 2299.715129302901,
    "2024-06": 772.6499999999993,
    "2024-05": 1378.650000000001
  },
  "lb_by_month": {
    "2025-05": 0.0,
    "2025-06": 1133.8348826329614,
    "2025-07": 2364.464767686964,
    "2025-08": 2466.337404245308,
    "2025-09": 2712.925813163393,
    "2025-10": 3605.4793241094203,
    "2025-11": 3425.8886403863025,
    "2025-12": 1953.9143867756497
  },
  "lb_cant_restante": 17662.845219
}